<?xml version="1.0" encoding="UTF-8"?>
<UserIntentions mediaName="CODE\win_b64\ENOVIA_TASK.media" mediaVersion="427.4">
  <SetVariable name="PATH_PH_Server" value="D:\DassaultSystemes\R2025x\3DSpace"/>
  <SetVariable name="Text_SuperUserName" value="creator"/>
  <SetVariable name="Text_SuperUserPwd" value=""/>
  <SetVariable name="BOOL_UpdateDB" value="true"/>
  <SetVariable name="DSYWelcomePanel"/>
  <SetVariable name="TARGET_PATH" value="D:\DassaultSystemes\R2025x\3DSpace\Apps\CollaborativeTasks\V6R2025x"/>
  <SetVariable name="Path_CustomSchemaDir" value="D:\DassaultSystemes\R2025x\3DSpace\Apps\CollaborativeTasks\V6R2025x\Apps\SchemaInstaller\CustomSchema"/>
  <SetVariable name="FinishPanel"/>
</UserIntentions>