<?xml version="1.0" encoding="UTF-8"?>
<UserIntentions mediaName="CODE\win_b64\ENOVIA_UCAD.media" mediaVersion="427">
  <SetVariable name="PATH_PH_Server" value="D:\DassaultSystemes\R2025x\3DSpace"/>
  <SetVariable name="VPLMCentralAdminUser" value="admin_platform"/>
  <SetVariable name="VPLMCentralAdminPwd" value="NRT@Catia2025"/>
  <SetVariable name="Text_SuperUserName" value="creator"/>
  <SetVariable name="Text_SuperUserPwd" value=""/>
  <SetVariable name="Check_ExecuteFamiliesScript" value="true"/>
  <SetVariable name="DSYWelcomePanel"/>
  <SetVariable name="TARGET_PATH" value="D:\DassaultSystemes\R2025x\3DSpace\Apps\UnifiedX-CADDesign\V6R2025x"/>
  <SetVariable name="FinishPanel"/>
</UserIntentions>