<?xml version="1.0" encoding="UTF-8"?>
<UserIntentions mediaName="CODE\linux_a64\ENOVIA_PRF.media" mediaVersion="427.6">
  <SetVariable name="PATH_PH_Server" value="/home/plmadmin/Dassaultsystemes/R2025x/3DSpace"/>
  <SetVariable name="Text_SuperUserName" value="creator"/>
  <SetVariable name="Text_SuperUserPwd" value=""/>
  <SetVariable name="BOOL_UpdateDB" value="true"/>
  <SetVariable name="DSYWelcomePanel"/>
  <SetVariable name="TARGET_PATH" value="/home/plmadmin/Dassaultsystemes/R2025x/3DSpace/Apps/ProgramCentral/V6R2025x"/>
  <SetVariable name="Path_CustomSchemaDir" value="/home/plmadmin/Dassaultsystemes/R2025x/3DSpace/Apps/ProgramCentral/V6R2025x/Apps/SchemaInstaller/CustomSchema"/>
  <SetVariable name="FinishPanel"/>
</UserIntentions>