<?xml version="1.0" encoding="UTF-8"?>
<UserIntentions mediaName="CODE\linux_a64\ENOVIA_UCAD.media" mediaVersion="427.6">
  <SetVariable name="PATH_PH_Server" value="/home/plmadmin/Dassaultsystemes/R2025x/3DSpace"/>
  <SetVariable name="VPLMCentralAdminUser" value="admin_platform"/>
  <SetVariable name="VPLMCentralAdminPwd" value="Sol@1234"/>
  <SetVariable name="Text_SuperUserName" value="creator"/>
  <SetVariable name="Text_SuperUserPwd" value=""/>
  <SetVariable name="Check_ExecuteFamiliesScript" value="true"/>
  <SetVariable name="DSYWelcomePanel"/>
  <SetVariable name="TARGET_PATH" value="/home/plmadmin/Dassaultsystemes/R2025x/3DSpace/Apps/UnifiedX-CADDesign/V6R2025x"/>
  <SetVariable name="FinishPanel"/>
</UserIntentions>
